task_id,name,category,version,n_param,LOC_Total,LOC_Code,LOC_Comment,Comment_Density,CC_Average,CC_Max,CC_Functions,MI_Score,MI_Rank,H_Volume,H_Difficulty,H_Effort,H_Bugs,Cognitive_CC,Max_Nesting,Avg_Func_Length,Code_Smells,Duplicate_Pct
1,bubble_sort,sorting,v1_clean,4000,41,35,0,0.0,5.666666666666667,11,3,47.525137616741794,A,217.98463765702255,5.043478260869565,1099.4007812267225,0.07266154588567418,18,4,8.666666666666666,5,0.0
1,bubble_sort,sorting,v2_medium,4000,50,45,0,0.0,5.666666666666667,11,3,44.3894797727514,A,305.0255750850964,6.5,1982.6662380531268,0.10167519169503214,36,7,11.666666666666666,4,2.2222222222222223
1,bubble_sort,sorting,v3_bad,4000,74,69,0,0.0,7.666666666666667,13,3,39.19294033777511,A,341.11528837383304,6.672413793103448,2276.062355184024,0.11370509612461101,71,10,19.333333333333332,11,20.28985507246377
2,insertion_sort,sorting,v1_clean,6000,39,33,0,0.0,5.333333333333333,11,3,48.10481719868726,A,225.0,5.869565217391305,1320.6521739130435,0.075,14,4,8.0,5,0.0
2,insertion_sort,sorting,v2_medium,6000,48,43,0,0.0,5.333333333333333,11,3,44.880407465510075,A,312.567201937737,7.407407407407407,2315.3126069462,0.10418906731257901,32,7,11.0,4,2.3255813953488373
2,insertion_sort,sorting,v3_bad,6000,70,65,0,0.0,6.666666666666667,13,3,40.094145154305586,A,348.83654644490844,7.586206896551724,2646.34621440965,0.11627884881496948,60,10,18.0,9,20.0
3,selection_sort,sorting,v1_clean,4500,39,33,0,0.0,5.333333333333333,11,3,49.56251380990506,A,139.31568569324173,3.1578947368421053,439.9442706102371,0.04643856189774724,16,4,8.0,6,0.0
3,selection_sort,sorting,v2_medium,4500,48,43,0,0.0,5.333333333333333,11,3,45.96764561566401,A,218.60914478074076,3.9130434782608696,855.4270882724638,0.07286971492691359,34,7,11.0,5,2.3255813953488373
3,selection_sort,sorting,v3_bad,4500,71,66,0,0.0,7.0,13,3,40.79583515379989,A,252.66401182973067,4.08,1030.8691682653011,0.0842213372765769,66,10,18.333333333333332,11,19.696969696969695
4,merge_sort,sorting,v1_clean,200000,57,50,0,0.0,5.0,11,4,42.452015158836254,A,317.12413313173494,6.0,1902.7447987904097,0.10570804437724497,17,4,10.0,7,9.803921568627452
4,merge_sort,sorting,v2_medium,200000,66,60,0,0.0,5.0,11,4,40.20759037234928,A,406.96985660265733,6.617647058823529,2693.1828745764087,0.13565661886755245,35,7,12.25,6,11.666666666666666
4,merge_sort,sorting,v3_bad,200000,93,87,0,0.0,6.75,13,4,35.57074465722411,A,444.84010080270366,6.75,3002.6706804182495,0.14828003360090122,69,10,18.75,14,26.436781609195403
5,quick_sort,sorting,v1_clean,150000,53,45,0,0.0,3.6,11,5,44.920055253782735,A,250.05376155018962,4.413793103448276,1103.6855682215266,0.0833512538500632,14,4,6.8,7,0.0
5,quick_sort,sorting,v2_medium,150000,62,55,0,0.0,3.6,11,5,42.31500854675887,A,337.5257762909393,5.090909090909091,1718.3130429356909,0.11250859209697976,32,7,8.6,6,1.8181818181818181
5,quick_sort,sorting,v3_bad,150000,83,76,0,0.0,4.6,13,5,38.26331042590191,A,374.41226807444474,5.257142857142857,1968.3387807342237,0.12480408935814824,62,10,12.6,12,14.473684210526315
6,heap_sort,sorting,v1_clean,100000,52,45,0,0.0,5.25,11,4,42.93739264519278,A,402.1173000519233,7.833333333333333,3149.9188504067324,0.13403910001730776,17,4,8.75,7,0.0
6,heap_sort,sorting,v2_medium,100000,61,55,0,0.0,5.25,11,4,40.606815755647546,A,495.93825547827504,8.55,4240.272084339252,0.16531275182609168,35,7,11.0,6,1.8181818181818181
6,heap_sort,sorting,v3_bad,100000,86,80,0,0.0,7.0,13,4,35.883856014245254,A,535.2045377012026,8.714285714285714,4663.92525711048,0.17840151256706754,68,10,17.0,14,18.75
7,counting_sort,sorting,v1_clean,500000,41,35,0,0.0,5.666666666666667,11,3,48.095816008612964,A,180.68572508221183,3.5714285714285716,645.3061610078994,0.06022857502740395,15,4,8.666666666666666,6,0.0
7,counting_sort,sorting,v2_medium,500000,50,45,0,0.0,5.666666666666667,11,3,44.817235421399104,A,265.0,4.9,1298.5,0.08833333333333333,33,7,11.666666666666666,5,2.2222222222222223
7,counting_sort,sorting,v3_bad,500000,76,71,0,0.0,7.666666666666667,13,3,39.31119251473933,A,300.16030763377006,5.055555555555555,1517.4771108151708,0.10005343587792336,65,10,20.0,12,22.535211267605632
8,radix_sort,sorting,v1_clean,200000,54,47,0,0.0,4.75,11,4,42.695648257536774,A,416.5941638758228,6.621621621621622,2758.5289229615296,0.13886472129194094,15,4,9.25,6,4.166666666666667
8,radix_sort,sorting,v2_medium,200000,63,57,0,0.0,4.75,11,4,40.434347330578994,A,513.0395746326983,7.914634146341464,4060.520535812454,0.17101319154423278,33,7,11.5,5,5.2631578947368425
8,radix_sort,sorting,v3_bad,200000,92,86,0,0.0,6.5,13,4,35.37117300323603,A,552.469200207693,8.05813953488372,4451.873903999201,0.184156400069231,66,10,18.5,13,24.41860465116279
9,shell_sort,sorting,v1_clean,50000,43,37,0,0.0,5.666666666666667,11,3,46.48325078295284,A,259.4606049037673,7.083333333333333,1837.8459514016852,0.08648686830125578,17,4,9.333333333333334,6,0.0
9,shell_sort,sorting,v2_medium,50000,52,47,0,0.0,5.666666666666667,11,3,43.56939815115142,A,348.83654644490844,8.642857142857142,3014.944437130994,0.11627884881496948,35,7,12.333333333333334,5,2.127659574468085
9,shell_sort,sorting,v3_bad,50000,77,72,0,0.0,7.333333333333333,13,3,38.550355465506456,A,385.74374433250205,8.8,3394.544950126018,0.12858124811083402,67,10,20.333333333333332,11,22.22222222222222
10,binary_search,sorting,v1_clean,50,53,44,1,1.8867924528301887,4.75,11,4,53.56009922612389,A,256.46415084724833,6.6,1692.663395591839,0.08548805028241611,18,4,9.0,7,2.1739130434782608
10,binary_search,sorting,v2_medium,50,60,54,0,0.0,4.75,11,4,42.16602999234546,A,343.5511442260462,7.413793103448276,2547.017103744825,0.11451704807534872,36,7,10.75,6,3.7037037037037037
10,binary_search,sorting,v3_bad,50,87,81,0,0.0,6.5,13,4,37.07353867055632,A,380.386192327884,7.580645161290323,2883.572748292024,0.126795397442628,74,10,17.25,13,20.987654320987655
11,ternary_search,sorting,v1_clean,40,57,50,0,0.0,5.25,11,4,41.98328363248647,A,399.0314892856283,8.693548387096774,3468.9995600798975,0.13301049642854276,22,4,10.0,10,1.9607843137254901
11,ternary_search,sorting,v2_medium,40,66,60,0,0.0,5.25,11,4,39.809233749816606,A,491.59701408907415,9.271428571428572,4557.8066020544165,0.1638656713630247,40,7,12.25,9,3.3333333333333335
11,ternary_search,sorting,v3_bad,40,95,89,0,0.0,7.5,13,4,34.631302245206435,A,530.57143756851,9.364864864864865,4968.729813986181,0.17685714585617,84,10,19.25,18,21.348314606741575
12,exponential_search,sorting,v1_clean,40,56,49,0,0.0,5.75,11,4,41.943255534760254,A,393.63917186284954,8.516129032258064,3352.2819797352345,0.1312130572876165,21,4,9.75,8,4.0
12,exponential_search,sorting,v2_medium,40,65,59,0,0.0,5.75,11,4,39.733814453936965,A,486.07345213301716,9.114285714285714,4430.212320869499,0.16202448404433906,39,7,12.0,7,5.084745762711864
12,exponential_search,sorting,v3_bad,40,94,88,0,0.0,8.0,14,4,34.501524329202034,A,524.9864750677888,9.216216216216216,4838.388864813945,0.17499549168926293,81,10,19.0,16,22.727272727272727
13,jump_search,sorting,v1_clean,40,54,46,0,0.0,5.25,11,4,43.78749341700701,A,284.3458750793272,6.0,1706.075250475963,0.09478195835977572,17,4,8.75,7,2.127659574468085
13,jump_search,sorting,v2_medium,40,63,56,0,0.0,5.25,11,4,41.30618825228095,A,372.53496664211536,6.67741935483871,2487.572196610254,0.12417832221403846,35,7,11.0,6,3.5714285714285716
13,jump_search,sorting,v3_bad,40,90,83,0,0.0,7.0,13,4,36.3468406611426,A,409.8161241311858,6.818181818181818,2794.200846348994,0.13660537471039527,69,10,17.5,14,21.686746987951807
14,interpolation_search,sorting,v1_clean,40,54,47,0,0.0,6.0,11,4,41.38100129994451,A,514.5410145036948,8.976190476190476,4618.6181539974505,0.1715136715012316,25,4,9.25,8,6.25
14,interpolation_search,sorting,v2_medium,40,63,57,0,0.0,6.0,11,4,39.226494010635854,A,611.7948771336315,9.608695652173912,5878.550775936198,0.2039316257112105,43,7,11.5,7,7.017543859649122
14,interpolation_search,sorting,v3_bad,40,90,84,0,0.0,8.25,15,4,34.14707457307982,A,652.3811071319176,9.75,6360.715794536197,0.21746036904397253,88,10,18.0,17,23.80952380952381
15,linear_scan_max,sorting,v1_clean,800,42,34,0,0.0,4.25,11,4,49.42121807838074,A,122.13617281353935,3.176470588235294,387.96196070183083,0.040712057604513116,14,4,6.25,7,0.0
15,linear_scan_max,sorting,v2_medium,800,50,44,0,0.0,4.25,11,4,45.991509595495735,A,201.90890672641936,4.666666666666667,942.2415647232904,0.06730296890880645,32,7,8.25,6,2.272727272727273
15,linear_scan_max,sorting,v3_bad,800,73,67,0,0.0,5.5,13,4,40.866902871621434,A,235.53074858920888,4.869565217391305,1146.9323409561478,0.0785102495297363,62,10,13.75,12,19.402985074626866
16,kth_smallest,sorting,v1_clean,1500,56,48,0,0.0,4.4,11,5,43.44849800144295,A,279.17595007788486,4.344827586206897,1212.9713693039137,0.09305865002596161,19,4,7.4,9,2.0408163265306123
16,kth_smallest,sorting,v2_medium,1500,65,58,0,0.0,4.4,11,5,41.01749939485892,A,367.213038547228,4.878787878787879,1791.554521397082,0.12240434618240933,37,7,9.2,8,3.4482758620689653
16,kth_smallest,sorting,v3_bad,1500,90,83,0,0.0,5.8,13,5,36.38711854365729,A,404.423806708407,5.0,2022.1190335420351,0.13480793556946902,76,10,14.0,15,18.072289156626507
17,median_of_medians,sorting,v1_clean,80,50,43,0,0.0,6.75,12,4,42.65431647075672,A,362.4623043577585,6.285714285714286,2278.334484534482,0.12082076811925284,14,4,8.25,11,2.272727272727273
17,median_of_medians,sorting,v2_medium,80,59,53,0,0.0,6.75,12,4,40.23701479556646,A,454.7914973733319,6.923076923076923,3148.556520276913,0.15159716579111063,32,7,10.5,10,3.7735849056603774
17,median_of_medians,sorting,v3_bad,80,78,72,0,0.0,8.0,15,4,36.46001614047779,A,493.50100475152016,7.073170731707317,3490.616862876606,0.1645003349171734,64,10,15.0,15,12.5
18,topk_heap,sorting,v1_clean,50,44,36,0,0.0,4.5,11,4,47.979239991610456,A,158.64271242790093,3.6666666666666665,581.6899455689701,0.05288090414263365,14,4,6.25,10,0.0
18,topk_heap,sorting,v2_medium,50,53,46,0,0.0,4.5,11,4,44.679719490466695,A,242.13091772920575,5.12,1239.7102987735334,0.08071030590973526,32,7,8.5,9,2.1739130434782608
18,topk_heap,sorting,v3_bad,50,74,67,0,0.0,5.75,13,4,40.099085101464695,A,276.9812829150282,5.333333333333333,1477.2335088801503,0.0923270943050094,62,10,13.5,15,16.417910447761194
19,bucket_sort,sorting,v1_clean,200000,46,40,0,0.0,6.0,11,3,46.10368605622064,A,221.95334125177195,4.64,1029.8635034082217,0.07398444708392399,14,4,10.333333333333334,6,0.0
19,bucket_sort,sorting,v2_medium,200000,55,50,0,0.0,6.0,11,3,43.21128640893723,A,309.6277232931715,6.051724137931035,1873.7815668259175,0.10320924109772384,32,7,13.333333333333334,5,2.0
19,bucket_sort,sorting,v3_bad,200000,79,74,0,0.0,8.0,13,3,38.35309137228167,A,345.9253261676786,6.241935483870968,2159.243568175671,0.11530844205589286,63,10,21.0,12,18.91891891891892
20,comb_sort,sorting,v1_clean,20000,47,41,0,0.0,5.666666666666667,11,3,45.41811821632849,A,269.63553058626803,7.291666666666667,1966.0924105248712,0.08987851019542267,18,4,10.666666666666666,7,2.380952380952381
20,comb_sort,sorting,v2_medium,20000,56,51,0,0.0,5.666666666666667,11,3,42.72646306343773,A,356.8590709141638,8.035714285714286,2867.6175341316734,0.1189530236380546,36,7,13.666666666666666,6,5.882352941176471
20,comb_sort,sorting,v3_bad,20000,80,75,0,0.0,7.666666666666667,13,3,37.96608692164715,A,393.82267902166484,8.166666666666666,3216.218545343596,0.13127422634055494,71,10,21.333333333333332,13,21.333333333333332
21,cocktail_sort,sorting,v1_clean,3000,51,45,0,0.0,6.333333333333333,11,3,43.574477001536216,A,340.8600103637728,7.92,2699.6112820810804,0.11362000345459093,23,4,12.0,6,10.869565217391305
21,cocktail_sort,sorting,v2_medium,3000,60,55,0,0.0,6.333333333333333,11,3,41.151186525245095,A,433.4029819467044,9.310344827586206,4035.1312112279375,0.14446766064890146,41,7,15.0,5,10.909090909090908
21,cocktail_sort,sorting,v3_bad,3000,88,83,0,0.0,9.0,13,3,35.920697959864384,A,471.46457640639136,9.35483870967742,4410.475069608177,0.15715485880213045,83,10,24.0,14,27.710843373493976
22,gnome_sort,sorting,v1_clean,3500,40,34,0,0.0,5.333333333333333,11,3,47.449585362016194,A,255.0,6.6521739130434785,1696.304347826087,0.085,14,4,8.333333333333334,6,2.857142857142857
22,gnome_sort,sorting,v2_medium,3500,49,44,0,0.0,5.333333333333333,11,3,44.39594194501788,A,341.2150500951926,7.333333333333333,2502.243700698079,0.11373835003173087,32,7,11.333333333333334,5,6.818181818181818
22,gnome_sort,sorting,v3_bad,3500,69,64,0,0.0,6.666666666666667,13,3,39.998068646911214,A,377.85078096793814,7.448275862068965,2814.336851347401,0.12595026032264606,60,10,17.666666666666668,10,18.75
23,pancake_sort,sorting,v1_clean,1500,49,42,0,0.0,4.75,11,4,45.21299174680102,A,256.46415084724833,6.6,1692.663395591839,0.08548805028241611,19,4,8.0,6,0.0
23,pancake_sort,sorting,v2_medium,1500,58,52,0,0.0,4.75,11,4,42.52356994165664,A,343.5511442260462,7.413793103448276,2547.017103744825,0.11451704807534872,37,7,10.25,5,1.9230769230769231
23,pancake_sort,sorting,v3_bad,1500,85,79,0,0.0,6.5,13,4,37.310393112502375,A,380.386192327884,7.580645161290323,2883.572748292024,0.126795397442628,74,10,16.75,13,21.518987341772153
24,stooge_sort,sorting,v1_clean,300,46,39,0,0.0,4.25,11,4,45.54317443001619,A,314.8756508066151,6.206896551724138,1954.400591213473,0.1049585502688717,13,4,7.25,8,2.5
24,stooge_sort,sorting,v2_medium,300,55,49,0,0.0,4.25,11,4,42.84039049418459,A,406.96985660265733,7.575757575757576,3083.1049742625555,0.13565661886755245,31,7,9.5,7,4.081632653061225
24,stooge_sort,sorting,v3_bad,300,74,68,0,0.0,5.5,13,4,38.79289925711167,A,444.84010080270366,7.714285714285714,3431.623634763714,0.14828003360090122,60,10,14.0,13,14.705882352941176
25,tim_sort_manual,sorting,v1_clean,100000,77,68,0,0.0,5.4,11,5,35.926469079130385,A,836.2339645963671,10.34,8646.659193926434,0.2787446548654557,27,4,11.2,7,10.144927536231885
25,tim_sort_manual,sorting,v2_medium,100000,86,78,0,0.0,5.4,11,5,34.44176529078459,A,939.4893788324389,10.592592592592593,9951.628235039909,0.3131631262774796,45,7,13.0,6,11.538461538461538
25,tim_sort_manual,sorting,v3_bad,100000,128,120,0,0.0,7.8,13,5,28.69312558311346,A,982.706448854159,10.607142857142858,10423.707689631616,0.3275688162847197,93,10,21.2,19,33.333333333333336
26,csv_parser,parsing,v1_clean,500,66,57,0,0.0,5.4,11,5,39.87472110051241,A,406.39712912839593,5.297297297297297,2152.8064137612323,0.1354657097094653,26,4,9.4,9,5.084745762711864
26,csv_parser,parsing,v2_medium,500,74,67,0,0.0,5.4,11,5,38.041545556909824,A,499.70917612625357,5.7560975609756095,2876.3747698974594,0.16656972537541787,44,7,11.0,8,7.462686567164179
26,csv_parser,parsing,v3_bad,500,103,96,0,0.0,7.2,13,5,33.194264459487165,A,538.8804074872921,5.8604651162790695,3158.089829925526,0.17962680249576404,91,10,16.6,17,22.916666666666668
27,json_flatten,parsing,v1_clean,5000,59,52,0,0.0,6.0,11,4,44.27705616413851,A,137.5488750216347,3.3333333333333335,458.4962500721157,0.04584962500721157,27,4,10.5,10,11.320754716981131
27,json_flatten,parsing,v2_medium,5000,68,62,0,0.0,6.0,11,4,41.407797257004866,A,218.60914478074076,4.7727272727272725,1043.3618273626264,0.07286971492691359,45,7,12.75,9,11.290322580645162
27,json_flatten,parsing,v3_bad,5000,98,92,0,0.0,8.5,14,4,35.93284979224745,A,252.66401182973067,4.958333333333333,1252.7923919890811,0.0842213372765769,107,10,20.0,19,27.17391304347826
28,url_parser,parsing,v1_clean,1500,65,57,0,0.0,4.4,11,5,42.354165386604414,A,279.17595007788486,3.6,1005.0334202803855,0.09305865002596161,16,4,9.2,10,6.896551724137931
28,url_parser,parsing,v2_medium,1500,71,64,0,0.0,4.4,11,5,40.06462164832002,A,369.6710883186478,4.735294117647059,1750.5013299794791,0.12322369610621592,34,7,10.4,9,7.8125
28,url_parser,parsing,v3_bad,1500,91,84,0,0.0,5.6,13,5,36.389078615898306,A,406.96985660265733,4.861111111111111,1978.325691818473,0.13565661886755245,66,10,14.2,16,17.857142857142858
29,ini_config_parser,parsing,v1_clean,2000,55,48,0,0.0,6.0,11,4,43.43082360889909,A,230.90881059151775,5.907407407407407,1364.072418123966,0.07696960353050591,24,4,9.5,9,2.0408163265306123
29,ini_config_parser,parsing,v2_medium,2000,64,58,0,0.0,6.0,11,4,40.869118985528765,A,320.1496205274238,7.548387096774194,2416.6132646263604,0.10671654017580794,42,7,11.75,8,3.4482758620689653
29,ini_config_parser,parsing,v3_bad,2000,92,86,0,0.0,8.0,13,4,35.78274434628597,A,356.9704512614289,7.818181818181818,2790.859891680262,0.1189901504204763,84,10,18.5,16,20.930232558139537
30,log_line_parser,parsing,v1_clean,200,57,49,0,0.0,4.0,11,5,45.6110152247376,A,225.0,3.4615384615384617,778.8461538461539,0.075,14,4,7.6,23,0.0
30,log_line_parser,parsing,v2_medium,200,58,51,0,0.0,4.0,11,5,42.834150578608046,A,310.19550008653874,4.0,1240.782000346155,0.10339850002884625,32,7,7.8,23,1.9607843137254901
30,log_line_parser,parsing,v3_bad,200,79,72,0,0.0,5.0,13,5,38.61264301192222,A,346.3632158872766,4.125,1428.7482655350161,0.11545440529575887,62,10,11.8,29,15.277777777777779
31,email_extractor,parsing,v1_clean,500,57,48,2,3.508771929824561,6.5,12,4,52.43835884361622,A,565.7903313739799,8.666666666666666,4903.516205241159,0.18859677712465997,29,4,10.0,9,2.0408163265306123
31,email_extractor,parsing,v2_medium,500,64,58,0,0.0,6.5,12,4,38.38065897154479,A,664.2425818070433,9.183673469387756,6100.186975778969,0.2214141939356811,47,7,11.75,8,5.172413793103448
31,email_extractor,parsing,v3_bad,500,94,88,0,0.0,8.5,17,4,33.227549492238715,A,705.3190309729902,9.294117647058824,6555.318052572497,0.2351063436576634,95,10,19.0,17,25.0
32,tokenizer_simple,parsing,v1_clean,300,62,55,0,0.0,7.25,14,4,38.85845840105352,A,497.1205760451312,7.297297297297297,3627.6366360050115,0.1657068586817104,45,6,11.25,8,16.071428571428573
32,tokenizer_simple,parsing,v2_medium,300,71,65,0,0.0,7.25,14,4,36.979198875604304,A,592.6048999263461,7.682926829268292,4552.940084799976,0.19753496664211537,63,7,13.5,7,16.923076923076923
32,tokenizer_simple,parsing,v3_bad,300,103,97,0,0.0,9.75,22,4,31.78120508777541,A,632.7488087136613,7.744186046511628,4900.124495387192,0.21091626957122045,154,12,21.25,15,31.95876288659794
33,html_tag_stripper,parsing,v1_clean,400,47,40,0,0.0,4.75,11,4,46.75101898968353,A,166.4210625757214,3.2857142857142856,546.8120627487989,0.05547368752524047,21,4,7.5,7,2.4390243902439024
33,html_tag_stripper,parsing,v2_medium,400,56,50,0,0.0,4.75,11,4,43.67416840759194,A,250.0,4.62,1155.0,0.08333333333333333,39,7,9.75,6,4.0
33,html_tag_stripper,parsing,v3_bad,400,81,75,0,0.0,6.5,13,4,38.556163164983595,A,284.897919110019,4.796296296296297,1366.454834249906,0.09496597303667301,84,10,15.75,12,20.0
34,markdown_to_text,parsing,v1_clean,600,62,52,3,4.838709677419355,5.5,11,4,55.54247914543746,A,325.3715058335023,6.206896551724138,2019.5472775872556,0.10845716861116743,24,4,11.25,7,0.0
34,markdown_to_text,parsing,v2_medium,600,68,62,0,0.0,5.5,11,4,39.429980573332855,A,415.2084415539646,6.818181818181818,2830.9666469588497,0.13840281385132153,42,7,12.75,6,3.225806451612903
34,markdown_to_text,parsing,v3_bad,600,98,92,0,0.0,7.5,13,4,34.49300048687382,A,453.1328243468957,6.942857142857143,3146.036466179876,0.15104427478229857,86,10,20.0,15,22.82608695652174
35,query_string_parser,parsing,v1_clean,2000,66,57,0,0.0,5.4,11,5,40.17222654451317,A,332.1682242863212,5.765625,1915.1574181508208,0.11072274142877374,26,4,9.4,10,5.084745762711864
35,query_string_parser,parsing,v2_medium,2000,74,67,0,0.0,5.4,11,5,38.27058747935427,A,422.87268841738495,6.375,2695.813388660829,0.140957562805795,44,7,11.0,9,7.462686567164179
35,query_string_parser,parsing,v3_bad,2000,101,94,0,0.0,7.2,13,5,33.66873755857501,A,461.03087468924394,6.5131578947368425,3002.766881199681,0.15367695822974797,89,10,16.2,18,23.404255319148938
36,csv_to_json,parsing,v1_clean,500,52,45,0,0.0,5.25,11,4,45.08924821022023,A,198.16785241547504,3.7916666666666665,751.3864404086762,0.06605595080515834,17,4,8.75,8,0.0
36,csv_to_json,parsing,v2_medium,500,61,55,0,0.0,5.25,11,4,42.32236679854791,A,282.11056593197316,4.5,1269.4975466938793,0.09403685531065772,35,7,11.0,7,1.8181818181818181
36,csv_to_json,parsing,v3_bad,500,88,82,0,0.0,7.0,13,4,37.23516635346825,A,317.77665530336594,4.666666666666667,1482.957724749041,0.10592555176778864,70,10,17.5,15,20.73170731707317
37,xml_lite_parser,parsing,v1_clean,500,74,65,0,0.0,5.0,11,6,37.33961623067959,A,525.7132630091581,7.375,3877.135314692541,0.17523775433638605,27,4,8.833333333333334,9,7.575757575757576
37,xml_lite_parser,parsing,v2_medium,500,83,75,0,0.0,5.0,11,6,35.65692110649567,A,624.0,7.961538461538462,4968.0,0.208,45,7,10.333333333333334,8,8.0
37,xml_lite_parser,parsing,v3_bad,500,115,107,0,0.0,7.0,17,6,30.593121443663414,A,664.8833531294299,8.11111111111111,5392.942753160931,0.22162778437647662,97,10,15.5,21,25.233644859813083
38,regex_match_count,parsing,v1_clean,200,45,37,0,0.0,4.25,11,4,47.6911027768876,A,235.53074858920888,3.2,753.6983954854685,0.0785102495297363,11,4,6.5,12,5.2631578947368425
38,regex_match_count,parsing,v2_medium,200,51,44,0,0.0,4.25,11,4,44.56140628232749,A,323.1448300675329,4.344827586206897,1404.0085720175568,0.10771494335584429,29,7,8.0,12,2.272727272727273
38,regex_match_count,parsing,v3_bad,200,70,63,0,0.0,5.0,13,4,40.43356372652881,A,359.45228222839756,4.451612903225806,1600.1424176618987,0.11981742740946585,54,10,12.5,16,15.873015873015873
39,date_format_converter,parsing,v1_clean,5000,55,43,0,0.0,2.857142857142857,11,7,44.18432471925917,A,261.5934338641933,2.8333333333333335,741.1813959485477,0.08719781128806443,13,4,4.571428571428571,11,2.1739130434782608
39,date_format_converter,parsing,v2_medium,5000,62,53,0,0.0,2.857142857142857,11,7,42.02313012369573,A,351.24725426256595,3.8823529411764706,1363.6658106664324,0.11708241808752198,31,7,5.571428571428571,10,3.7735849056603774
39,date_format_converter,parsing,v3_bad,5000,82,73,0,0.0,3.4285714285714284,13,7,38.287476499898,A,388.24685444007076,4.0,1552.987417760283,0.12941561814669025,59,10,8.285714285714286,15,15.068493150684931
40,ipv4_validator,parsing,v1_clean,5000,49,41,0,0.0,4.8,11,5,43.599736481993766,A,393.0296890880646,6.657894736842105,2616.7502984021144,0.1310098963626882,18,4,6.0,15,4.761904761904762
40,ipv4_validator,parsing,v2_medium,5000,58,51,0,0.0,4.8,11,5,41.10924268738624,A,486.87323863787196,7.333333333333333,3570.4037500110608,0.1622910795459573,36,7,7.8,14,5.882352941176471
40,ipv4_validator,parsing,v3_bad,5000,80,73,0,0.0,6.0,13,5,36.66898557995819,A,526.103733930744,7.5,3945.7780044805804,0.175367911310248,69,10,12.0,21,19.17808219178082
41,color_hex_parser,parsing,v1_clean,8000,44,36,0,0.0,4.0,11,5,46.04716696094534,A,244.19821638001633,2.7586206896551726,673.6502520828037,0.08139940546000544,13,4,5.0,19,0.0
41,color_hex_parser,parsing,v2_medium,8000,53,46,0,0.0,4.0,11,5,43.18156563630478,A,332.98033978832166,3.8181818181818183,1271.3794791917737,0.11099344659610721,31,7,6.8,18,2.1739130434782608
41,color_hex_parser,parsing,v3_bad,8000,72,65,0,0.0,5.0,13,5,39.0867743539187,A,369.6710883186478,3.942857142857143,1457.560291084954,0.12322369610621592,60,10,10.4,24,13.846153846153847
42,phone_normalizer,parsing,v1_clean,5000,50,42,0,0.0,4.0,11,5,47.33673634234236,A,187.48684196024655,2.8260869565217392,529.8541185833055,0.06249561398674885,14,4,6.2,8,0.0
42,phone_normalizer,parsing,v2_medium,5000,54,47,0,0.0,4.0,11,5,44.18704593174554,A,272.3972824453565,4.0,1089.589129781426,0.09079909414845216,32,7,7.0,8,2.127659574468085
42,phone_normalizer,parsing,v3_bad,5000,75,68,0,0.0,5.0,13,5,39.64418762694967,A,307.756981016698,4.137931034482759,1273.4771628277158,0.10258566033889932,62,10,11.0,14,16.176470588235293
43,csv_aggregator,parsing,v1_clean,300,46,39,0,0.0,4.5,11,4,46.668449738171404,A,208.0762450362488,3.36,699.1361833217959,0.06935874834541626,15,4,7.25,10,2.5
43,csv_aggregator,parsing,v2_medium,300,55,49,0,0.0,4.5,11,4,43.68759183149823,A,294.6857250822118,4.586206896551724,1351.489704687385,0.09822857502740392,33,7,9.5,9,4.081632653061225
43,csv_aggregator,parsing,v3_bad,300,75,69,0,0.0,5.5,13,4,39.55698316012678,A,330.61943334694587,4.741935483870968,1567.776022645195,0.11020647778231529,61,10,14.25,14,17.391304347826086
44,config_merger,parsing,v1_clean,8000,48,40,0,0.0,4.0,11,5,46.86027458027221,A,173.06477719407374,3.272727272727273,566.3938162715141,0.057688259064691244,16,4,5.8,8,4.878048780487805
44,config_merger,parsing,v2_medium,8000,57,50,0,0.0,4.0,11,5,43.7746729561518,A,257.2641000872811,4.576923076923077,1177.477996553325,0.0857547000290937,34,7,7.6,7,6.0
44,config_merger,parsing,v3_bad,8000,83,76,0,0.0,5.2,13,5,38.61194776848748,A,292.36913196586306,4.75,1388.7533768378496,0.09745637732195435,67,10,12.6,14,23.68421052631579
45,diff_lines,parsing,v1_clean,100,65,56,2,3.076923076923077,7.0,11,4,49.219663328192325,A,712.5394923313547,11.944444444444445,8510.888380624516,0.23751316411045156,25,4,12.0,6,10.526315789473685
45,diff_lines,parsing,v2_medium,100,73,67,0,0.0,7.0,11,4,36.278212381225714,A,816.8292492438954,13.2,10782.14609001942,0.2722764164146318,43,7,14.0,5,13.432835820895523
45,diff_lines,parsing,v3_bad,100,107,101,0,0.0,9.5,19,4,30.89117595157035,A,859.1880681844799,13.095238095238095,11251.272321463426,0.28639602272815995,90,10,22.25,15,30.693069306930692
46,word_frequency,parsing,v1_clean,200,49,42,0,0.0,4.75,11,4,46.4424326632087,A,171.1759500778849,2.727272727272727,466.8435002124133,0.05705865002596163,17,4,8.0,7,11.627906976744185
46,word_frequency,parsing,v2_medium,200,57,51,0,0.0,4.75,11,4,43.613949891837485,A,255.0,3.923076923076923,1000.3846153846154,0.085,35,7,10.0,6,7.8431372549019605
46,word_frequency,parsing,v3_bad,200,79,73,0,0.0,6.25,13,4,39.01838501592966,A,289.9853819512694,4.071428571428571,1180.6547693730254,0.09666179398375646,71,10,15.25,12,20.54794520547945
47,sentence_splitter,parsing,v1_clean,600,56,48,1,1.7857142857142856,6.0,11,4,51.428603589828285,A,301.26792647514816,6.551724137931035,1973.8243458716604,0.10042264215838272,24,4,9.75,7,4.081632653061225
47,sentence_splitter,parsing,v2_medium,600,64,58,0,0.0,6.0,11,4,40.425528757369065,A,390.69106233855103,7.2727272727272725,2841.389544280371,0.13023035411285033,42,7,11.75,6,6.896551724137931
47,sentence_splitter,parsing,v3_bad,600,90,84,0,0.0,8.0,15,4,35.56076030278539,A,428.36454151371464,7.428571428571429,3182.1365941018803,0.14278818050457154,89,10,18.0,15,22.61904761904762
48,csv_pivot,parsing,v1_clean,100,52,45,0,0.0,5.25,11,4,44.65035809745865,A,228.9358278562653,3.888888888888889,890.3059972188095,0.0763119426187551,20,4,8.75,10,2.1739130434782608
48,csv_pivot,parsing,v2_medium,100,61,55,0,0.0,5.25,11,4,41.9665949242037,A,317.12413313173494,5.161290322580645,1636.7697193895997,0.10570804437724497,38,7,11.0,9,3.6363636363636362
48,csv_pivot,parsing,v3_bad,100,88,82,0,0.0,7.0,13,4,36.91035457821131,A,353.5984323047935,5.333333333333333,1885.8583056255652,0.11786614410159783,74,10,17.5,17,23.170731707317074
49,json_path_resolver,parsing,v1_clean,5000,66,59,0,0.0,8.75,15,4,37.25781173515067,A,552.9684466400131,6.326530612244898,3498.3718052735526,0.18432281554667104,35,4,12.25,16,11.666666666666666
49,json_path_resolver,parsing,v2_medium,5000,75,69,0,0.0,8.75,15,4,35.4749449549412,A,651.5235116614909,6.7924528301886795,4425.442720719561,0.21717450388716364,53,7,14.5,15,13.043478260869565
49,json_path_resolver,parsing,v3_bad,5000,100,94,0,0.0,11.0,22,4,31.220709706075016,A,692.5722984982723,6.909090909090909,4785.044971442609,0.23085743283275742,115,10,20.5,25,24.46808510638298
50,template_renderer,parsing,v1_clean,3000,60,52,0,0.0,4.8,11,5,41.55419157744308,A,420.60075897674335,6.117647058823529,2573.086996093018,0.14020025299224778,18,4,8.2,7,7.547169811320755
50,template_renderer,parsing,v2_medium,3000,65,58,0,0.0,4.8,11,5,39.406538871576956,A,513.6912619133022,6.526315789473684,3352.511393539446,0.17123042063776742,36,7,9.2,7,10.344827586206897
50,template_renderer,parsing,v3_bad,3000,86,79,0,0.0,5.8,13,5,35.667190841457945,A,552.9112875713945,6.6,3649.2144979712034,0.18430376252379815,70,10,13.2,13,20.253164556962027
51,prime_sieve,numerical,v1_clean,5000000,39,33,0,0.0,6.333333333333333,11,3,47.56221277533594,A,235.53074858920888,4.869565217391305,1146.9323409561478,0.0785102495297363,17,4,8.0,7,0.0
51,prime_sieve,numerical,v2_medium,5000000,48,43,0,0.0,6.333333333333333,11,3,44.400587991293335,A,320.51015899877143,5.444444444444445,1744.9997545488668,0.10683671966625714,35,7,11.0,6,2.3255813953488373
51,prime_sieve,numerical,v3_bad,5000000,72,67,0,0.0,8.333333333333334,13,3,39.06652818476865,A,356.72482509951953,5.551724137931035,1980.4378221042293,0.11890827503317318,71,10,18.666666666666668,13,20.895522388059703
52,fibonacci_dp,numerical,v1_clean,5000,42,34,0,0.0,4.25,11,4,48.32950616424917,A,174.88731582459263,3.8181818181818183,667.751569512081,0.05829577194153088,12,4,5.75,7,0.0
52,fibonacci_dp,numerical,v2_medium,5000,51,44,0,0.0,4.25,11,4,45.04183105770548,A,257.2641000872811,4.576923076923077,1177.477996553325,0.0857547000290937,30,7,8.0,6,2.272727272727273
52,fibonacci_dp,numerical,v3_bad,5000,71,64,0,0.0,5.25,13,4,40.63113276283207,A,292.36913196586306,4.75,1388.7533768378496,0.09745637732195435,57,10,12.75,11,15.625
53,matrix_multiply,numerical,v1_clean,150,47,40,0,0.0,5.5,11,4,46.45676580834239,A,173.06477719407374,2.608695652173913,451.47333181062714,0.057688259064691244,16,4,7.5,6,0.0
53,matrix_multiply,numerical,v2_medium,150,56,50,0,0.0,5.5,11,4,43.371164184221975,A,257.2641000872811,3.7777777777777777,971.8866003297287,0.0857547000290937,34,7,9.75,5,4.0
53,matrix_multiply,numerical,v3_bad,150,81,75,0,0.0,6.75,13,4,38.46842301606078,A,292.36913196586306,3.9310344827586206,1149.3131394520133,0.09745637732195435,66,10,15.75,11,21.333333333333332
54,matrix_transpose,numerical,v1_clean,200,41,34,0,0.0,4.75,11,4,48.39261001882694,A,171.1759500778849,3.4285714285714284,586.8889716956053,0.05705865002596163,11,4,6.0,7,0.0
54,matrix_transpose,numerical,v2_medium,200,50,44,0,0.0,4.75,11,4,45.01260672263179,A,255.0,4.76,1213.8,0.085,29,7,8.25,6,2.272727272727273
54,matrix_transpose,numerical,v3_bad,200,69,63,0,0.0,5.5,13,4,40.81760161187183,A,289.9853819512694,4.925925925925926,1428.44651109329,0.09666179398375646,54,10,12.75,10,15.873015873015873
55,dot_product_batch,numerical,v1_clean,5000,45,38,0,0.0,4.75,11,4,47.57626613184904,A,159.81495041679716,3.3,527.3893363754306,0.05327165013893238,12,4,7.0,7,0.0
55,dot_product_batch,numerical,v2_medium,5000,54,48,0,0.0,4.75,11,4,44.33792765912826,A,242.75561920895692,4.666666666666667,1132.8595563084657,0.08091853973631898,30,7,9.25,6,6.25
55,dot_product_batch,numerical,v3_bad,5000,76,70,0,0.0,5.75,13,4,39.819415934920194,A,277.44167656471495,4.846153846153846,1344.5250479674646,0.09248055885490498,57,10,14.5,11,18.571428571428573
56,monte_carlo_pi,numerical,v1_clean,1500000,43,36,0,0.0,4.75,11,4,46.31150843142609,A,285.41171981856144,4.645161290322581,1325.7834727055758,0.09513723993952047,13,4,6.5,10,0.0
56,monte_carlo_pi,numerical,v2_medium,1500000,52,46,0,0.0,4.75,11,4,43.404949233915914,A,376.70078168597354,5.914285714285715,2227.916051685615,0.12556692722865784,31,7,8.75,9,2.1739130434782608
56,monte_carlo_pi,numerical,v3_bad,1500000,72,66,0,0.0,5.75,13,4,39.157740193903294,A,414.267146704276,6.081081081081081,2519.1921083368134,0.13808904890142534,59,10,13.5,14,15.151515151515152
57,gcd_batch,numerical,v1_clean,200000,37,30,0,0.0,4.0,11,4,51.01575715191367,A,120.40465370320703,2.6470588235294117,318.71820097907744,0.04013488456773568,11,4,5.0,6,0.0
57,gcd_batch,numerical,v2_medium,200000,46,40,0,0.0,4.0,11,4,47.06232224361115,A,199.7052750908657,4.0,798.8211003634628,0.06656842503028856,29,7,7.25,5,2.5
57,gcd_batch,numerical,v3_bad,200000,65,59,0,0.0,4.75,13,4,42.505502325048624,A,233.1830877661235,4.173913043478261,973.2859315455589,0.07772769592204117,54,10,11.75,9,16.949152542372882
58,modular_exponent,numerical,v1_clean,50000,44,37,0,0.0,4.5,11,4,45.76861637368972,A,328.19556203462383,5.793103448275862,1901.270842131614,0.10939852067820795,13,4,6.75,11,0.0
58,modular_exponent,numerical,v2_medium,50000,53,47,0,0.0,4.5,11,4,43.000498070092874,A,420.60075897674335,7.090909090909091,2982.441745471453,0.14020025299224778,31,7,9.0,11,2.127659574468085
58,modular_exponent,numerical,v3_bad,50000,73,67,0,0.0,5.5,13,4,38.84066657830785,A,458.59225596553296,7.2,3301.8642429518372,0.1528640853218443,59,10,13.75,16,14.925373134328359
59,newton_sqrt,numerical,v1_clean,200000,42,35,0,0.0,4.75,11,4,47.561275311850785,A,206.0894050155578,4.260869565217392,878.1200735445507,0.06869646833851926,13,4,6.25,7,2.7777777777777777
59,newton_sqrt,numerical,v2_medium,200000,51,45,0,0.0,4.75,11,4,44.40874209916051,A,289.9853819512694,4.925925925925926,1428.44651109329,0.09666179398375646,31,7,8.5,6,4.444444444444445
59,newton_sqrt,numerical,v3_bad,200000,72,66,0,0.0,6.0,13,4,39.75463745960804,A,325.70527509086565,5.068965517241379,1650.9888082192156,0.10856842503028855,60,10,13.5,12,18.181818181818183
60,polynomial_eval,numerical,v1_clean,30000,41,34,0,0.0,5.0,11,4,47.682890871421726,A,206.8201588936966,3.6346153846153846,751.711731363628,0.06894005296456554,11,4,6.0,6,0.0
60,polynomial_eval,numerical,v2_medium,30000,50,44,0,0.0,5.0,11,4,44.44652999662557,A,293.8839407528408,4.933333333333334,1449.827441047348,0.09796131358428026,29,7,8.25,5,2.272727272727273
60,polynomial_eval,numerical,v3_bad,30000,69,63,0,0.0,5.75,13,4,40.29039367847321,A,329.95954188301647,5.125,1691.0426521504594,0.10998651396100549,54,10,12.75,9,15.873015873015873
61,integral_simpson,numerical,v1_clean,10000,50,43,0,0.0,5.5,11,4,42.98794646715816,A,434.5769266126538,4.857142857142857,2110.8022149757467,0.14485897553755125,14,4,7.4,11,0.0
61,integral_simpson,numerical,v2_medium,10000,60,53,0,0.0,5.5,11,4,40.6104374982577,A,531.8850936442687,5.967391304347826,3173.9664827250385,0.17729503121475626,32,7,9.2,10,1.8867924528301887
61,integral_simpson,numerical,v3_bad,10000,83,76,0,0.0,6.5,13,4,36.43861024614382,A,571.6232213881448,6.09375,3483.329005334007,0.19054107379604826,63,10,14.2,16,17.105263157894736
62,linear_regression,numerical,v1_clean,500,51,44,0,0.0,5.5,11,4,42.62104139378923,A,457.1523513717527,4.395348837209302,2009.3440560293313,0.15238411712391756,12,4,8.5,8,0.0
62,linear_regression,numerical,v2_medium,500,60,54,0,0.0,5.5,11,4,40.30393308318483,A,555.0105324983674,5.446808510638298,3023.0360919060013,0.18500351083278913,30,7,10.75,7,1.8518518518518519
62,linear_regression,numerical,v3_bad,500,80,74,0,0.0,6.5,13,4,36.56960314833081,A,594.9547814448038,5.551020408163265,3302.606133734421,0.19831826048160126,57,10,15.5,12,13.513513513513514
63,kmeans_1d,numerical,v1_clean,30,60,54,0,0.0,9.0,11,3,41.06453448204965,A,313.03562649079146,4.75,1486.9192258312594,0.10434520883026382,28,4,15.0,12,1.8181818181818181
63,kmeans_1d,numerical,v2_medium,30,69,64,0,0.0,9.0,11,3,38.85111268406224,A,404.259108776295,5.4,2182.9991873919935,0.134753036258765,46,7,18.0,11,3.125
63,kmeans_1d,numerical,v3_bad,30,103,98,0,0.0,12.333333333333334,18,3,33.19499047402085,A,442.4491766737767,5.571428571428571,2465.0739843253273,0.1474830588912589,95,10,29.0,22,25.510204081632654
64,histogram_compute,numerical,v1_clean,100,48,42,0,0.0,6.0,11,3,44.64013483800171,A,309.6277232931715,5.2,1610.064161124492,0.10320924109772384,14,4,11.0,7,0.0
64,histogram_compute,numerical,v2_medium,100,57,52,0,0.0,6.0,11,3,42.04924446734256,A,401.54359184795527,6.485294117647059,2604.128294190416,0.1338478639493184,32,7,14.0,6,1.9230769230769231
64,histogram_compute,numerical,v3_bad,100,81,76,0,0.0,8.0,13,3,37.373450026238494,A,439.34824770637397,6.625,2910.6821410547277,0.14644941590212465,63,10,21.666666666666668,13,18.42105263157895
65,running_stats,numerical,v1_clean,5000000,45,39,0,0.0,5.333333333333333,11,3,45.565550575211795,A,312.567201937737,5.517241379310345,1724.5087003461354,0.10418906731257901,12,4,10.0,7,0.0
65,running_stats,numerical,v2_medium,5000000,54,49,0,0.0,5.333333333333333,11,3,42.87914372700509,A,401.81640034635626,6.0606060606060606,2435.250911190038,0.1339388001154521,30,7,13.0,6,2.0408163265306123
65,running_stats,numerical,v3_bad,5000000,74,69,0,0.0,6.666666666666667,13,3,38.82563379302006,A,439.5274451308699,6.171428571428572,2712.5122328076545,0.14650914837695664,57,10,19.333333333333332,11,14.492753623188406
66,discrete_convolution,numerical,v1_clean,2000,41,35,0,0.0,5.666666666666667,11,3,46.74148006415063,A,258.9847087242502,4.129032258064516,1069.3562166678716,0.08632823624141674,13,4,8.666666666666666,9,0.0
66,discrete_convolution,numerical,v2_medium,2000,50,45,0,0.0,5.666666666666667,11,3,43.768201742942495,A,349.403623592787,5.4,1886.7795674010501,0.11646787453092901,31,7,11.666666666666666,8,2.2222222222222223
66,discrete_convolution,numerical,v3_bad,2000,72,67,0,0.0,7.0,13,3,39.21922845630524,A,386.6493369239909,5.594594594594595,2163.146290358544,0.12888311230799698,59,10,18.666666666666668,13,19.402985074626866
67,lcm_batch,numerical,v1_clean,150000,41,34,0,0.0,3.8,11,5,48.208102754466104,A,208.0762450362488,4.083333333333333,849.6446672313492,0.06935874834541626,13,4,4.4,6,0.0
67,lcm_batch,numerical,v2_medium,150000,51,44,0,0.0,3.8,11,5,44.7072507554259,A,294.6857250822118,5.428571428571429,1599.7225075891497,0.09822857502740392,31,7,6.4,5,2.272727272727273
67,lcm_batch,numerical,v3_bad,150000,71,64,0,0.0,4.6,13,5,40.26962609816708,A,330.61943334694587,5.6,1851.4688267428967,0.11020647778231529,58,10,10.2,10,15.625
68,prime_factorization,numerical,v1_clean,30000,46,39,0,0.0,5.0,11,4,45.965397919284136,A,240.0,6.260869565217392,1502.608695652174,0.08,14,4,7.25,7,0.0
68,prime_factorization,numerical,v2_medium,30000,55,49,0,0.0,5.0,11,4,43.091076583148975,A,328.19556203462383,7.777777777777778,2552.6321491581853,0.10939852067820795,32,7,9.5,6,2.0408163265306123
68,prime_factorization,numerical,v3_bad,30000,78,72,0,0.0,6.25,13,4,38.452000989908456,A,364.69275310149516,7.931034482758621,2892.390800460134,0.12156425103383171,62,10,15.0,12,18.055555555555557
69,catalan_numbers,numerical,v1_clean,500,39,33,0,0.0,5.666666666666667,11,3,47.892685347312465,A,230.81773576252348,3.75,865.566509109463,0.07693924525417449,14,4,8.0,7,0.0
69,catalan_numbers,numerical,v2_medium,500,48,43,0,0.0,5.666666666666667,11,3,44.68094793109701,A,319.31568569324173,5.0,1596.5784284662086,0.10643856189774724,32,7,11.0,6,2.3255813953488373
69,catalan_numbers,numerical,v3_bad,500,71,66,0,0.0,7.333333333333333,13,3,39.619600740925215,A,355.89294990339823,5.176470588235294,1842.269387735238,0.11863098330113274,62,10,18.333333333333332,12,19.696969696969695
70,vector_norm,numerical,v1_clean,20000,40,33,0,0.0,4.75,11,4,48.35859635390108,A,189.46125880997533,3.391304347826087,642.5207907468729,0.06315375293665844,11,4,5.75,8,0.0
70,vector_norm,numerical,v2_medium,20000,49,43,0,0.0,4.75,11,4,45.003853216499046,A,274.72299342751836,4.666666666666667,1282.0406359950857,0.09157433114250613,29,7,8.0,7,2.3255813953488373
70,vector_norm,numerical,v3_bad,20000,68,62,0,0.0,5.5,13,4,40.764309177022454,A,310.19550008653874,4.827586206896552,1497.4955176591525,0.10339850002884625,54,10,12.5,11,16.129032258064516
71,edit_distance,strings,v1_clean,100,48,41,0,0.0,4.5,11,4,45.39289067812292,A,252.66401182973067,4.08,1030.8691682653011,0.0842213372765769,16,4,7.75,6,2.380952380952381
71,edit_distance,strings,v2_medium,100,57,51,0,0.0,4.5,11,4,42.6788213768639,A,341.2150500951926,5.310344827586207,1811.9695763675747,0.11373835003173087,34,7,10.0,5,3.9215686274509802
71,edit_distance,strings,v3_bad,100,80,74,0,0.0,5.75,13,4,38.22648882886352,A,377.85078096793814,5.419354838709677,2047.707458148826,0.12595026032264606,66,10,15.5,11,18.91891891891892
72,longest_common_sub,strings,v1_clean,100,44,37,0,0.0,4.75,11,4,45.66118857572369,A,300.0,3.7037037037037037,1111.111111111111,0.1,16,4,6.75,6,2.6315789473684212
72,longest_common_sub,strings,v2_medium,100,53,47,0,0.0,4.75,11,4,42.89072268813814,A,390.70900242217124,4.838709677419355,1890.5274310750222,0.13023633414072375,34,7,9.0,5,4.25531914893617
72,longest_common_sub,strings,v3_bad,100,76,70,0,0.0,6.0,13,4,38.2314134692066,A,428.11757972784216,4.909090909090909,2101.6681186639526,0.14270585990928072,66,10,14.5,11,20.0
73,kmp_search,strings,v1_clean,1000,64,55,0,0.0,5.4,11,5,40.02946031153661,A,430.04211255552906,6.7105263157894735,2885.8089132015766,0.14334737085184301,25,4,9.0,7,7.017543859649122
73,kmp_search,strings,v2_medium,1000,72,65,0,0.0,5.4,11,5,38.16713006219292,A,526.9686818198144,7.988095238095238,4209.476017870184,0.17565622727327146,43,7,10.6,6,7.6923076923076925
73,kmp_search,strings,v3_bad,1000,104,97,0,0.0,7.4,13,5,32.80919823472415,A,566.5732519254167,8.125,4603.4076718940105,0.18885775064180557,87,10,16.8,17,26.804123711340207
74,rabin_karp,strings,v1_clean,800,58,51,0,0.0,6.25,11,4,39.88615106199747,A,627.1943315822213,7.826086956521739,4908.477377599993,0.20906477719407376,23,4,10.25,11,0.0
74,rabin_karp,strings,v2_medium,800,67,61,0,0.0,6.25,11,4,37.92670351111144,A,726.5475432598478,8.2,5957.689854730751,0.24218251441994926,41,7,12.5,10,1.639344262295082
74,rabin_karp,strings,v3_bad,800,96,90,0,0.0,8.5,17,4,32.86243182759603,A,768.091324039907,8.26923076923077,6351.524410330001,0.25603044134663566,84,10,19.5,20,21.11111111111111
75,z_algorithm,strings,v1_clean,1000,46,39,0,0.0,5.0,11,4,44.9284298591099,A,337.5257762909393,5.90625,1993.5116162183601,0.11250859209697976,18,4,7.25,6,0.0
75,z_algorithm,strings,v2_medium,1000,55,49,0,0.0,5.0,11,4,42.28107802902488,A,428.36454151371464,6.5,2784.369519839145,0.14278818050457154,36,7,9.5,5,2.0408163265306123
75,z_algorithm,strings,v3_bad,1000,79,73,0,0.0,6.5,13,4,37.437580577131776,A,466.5854635409216,6.631578947368421,3094.1983371661117,0.15552848784697387,70,10,15.25,12,19.17808219178082
76,manacher_palindrome,strings,v1_clean,1000,56,49,0,0.0,5.5,11,4,41.24325126129815,A,517.9398751947123,7.674418604651163,3974.8874142850013,0.17264662506490408,20,4,9.75,6,0.0
76,manacher_palindrome,strings,v2_medium,1000,65,59,0,0.0,5.5,11,4,39.15246407390433,A,615.0880044883951,8.191489361702128,5038.48684527728,0.20502933482946503,38,7,12.0,5,1.694915254237288
76,manacher_palindrome,strings,v3_bad,1000,90,84,0,0.0,7.25,13,4,34.669818165765484,A,655.6648561125455,8.306122448979592,5446.032580363388,0.21855495203751518,74,10,18.0,13,17.857142857142858
77,suffix_array_naive,strings,v1_clean,60,36,30,0,0.0,4.666666666666667,11,3,51.011373776322394,A,103.72627427729671,2.6666666666666665,276.6033980727912,0.0345754247590989,11,4,7.0,8,0.0
77,suffix_array_naive,strings,v2_medium,60,45,40,0,0.0,4.666666666666667,11,3,47.03181118263037,A,181.11039140121426,4.105263157894737,743.5058173313007,0.06037013046707142,29,7,10.0,7,2.5
77,suffix_array_naive,strings,v3_bad,60,64,59,0,0.0,5.666666666666667,13,3,42.58567173209417,A,213.9699375973561,4.285714285714286,917.0140182743833,0.07132331253245204,54,10,16.0,11,16.949152542372882
78,anagram_groups,strings,v1_clean,30000,39,33,0,0.0,5.333333333333333,11,3,49.96271884107499,A,122.13617281353935,3.176470588235294,387.96196070183083,0.040712057604513116,13,4,8.0,6,0.0
78,anagram_groups,strings,v2_medium,30000,48,43,0,0.0,5.333333333333333,11,3,46.20930503130868,A,201.90890672641936,4.666666666666667,942.2415647232904,0.06730296890880645,31,7,11.0,5,2.3255813953488373
78,anagram_groups,strings,v3_bad,30000,68,63,0,0.0,6.666666666666667,13,3,41.584585834540036,A,235.53074858920888,4.869565217391305,1146.9323409561478,0.0785102495297363,59,10,17.333333333333332,10,15.873015873015873
79,longest_repeated_sub,strings,v1_clean,50,45,38,0,0.0,5.0,11,4,45.874991514133235,A,228.9358278562653,5.4,1236.2534704238326,0.0763119426187551,16,4,7.0,7,0.0
79,longest_repeated_sub,strings,v2_medium,50,54,48,0,0.0,5.0,11,4,43.02567411932014,A,314.8756508066151,6.206896551724138,1954.400591213473,0.1049585502688717,34,7,9.25,6,2.0833333333333335
79,longest_repeated_sub,strings,v3_bad,50,77,71,0,0.0,6.25,13,4,38.43555962270479,A,351.24725426256595,6.387096774193548,2243.450204644776,0.11708241808752198,65,10,14.75,12,18.309859154929576
80,boyer_moore_lite,strings,v1_clean,800,62,53,0,0.0,4.8,11,5,40.97985887684729,A,401.54359184795527,10.616666666666667,4263.054466785792,0.1338478639493184,19,4,8.6,8,1.8181818181818181
80,boyer_moore_lite,strings,v2_medium,800,70,63,0,0.0,4.8,11,5,39.06097157738863,A,494.35840779930976,11.279411764705882,5576.072040912803,0.16478613593310326,37,7,10.2,7,4.761904761904762
80,boyer_moore_lite,strings,v3_bad,800,97,90,0,0.0,6.2,13,5,34.50929588501958,A,533.3974351909447,11.375,6067.395825296997,0.17779914506364825,72,10,15.4,15,20.0
81,string_rotation,strings,v1_clean,100000,40,33,0,0.0,4.5,11,4,48.26700758749802,A,186.46184263312372,4.545454545454546,847.5538301505625,0.062153947544374574,12,4,5.75,7,0.0
81,string_rotation,strings,v2_medium,100000,49,43,0,0.0,4.5,11,4,44.952507233652014,A,271.8519998980832,6.0576923076923075,1646.7957686133884,0.09061733329936106,30,7,8.0,6,2.3255813953488373
81,string_rotation,strings,v3_bad,100000,67,61,0,0.0,5.5,13,4,40.7922565016214,A,307.35774857210805,6.267857142857143,1926.4744598001773,0.10245258285736936,57,10,12.25,11,13.114754098360656
82,run_length_encoding,strings,v1_clean,100000,48,41,0,0.0,4.75,11,4,47.05854618129651,A,150.41407098051496,3.15,473.80432358862214,0.05013802366017166,14,4,7.75,7,7.142857142857143
82,run_length_encoding,strings,v2_medium,100000,57,51,0,0.0,4.75,11,4,43.890313125711124,A,232.84722658818316,4.520833333333333,1052.663503534078,0.07761574219606106,32,7,10.0,6,7.8431372549019605
82,run_length_encoding,strings,v3_bad,100000,78,72,0,0.0,6.0,13,4,39.53067114303561,A,267.35288832599804,4.711538461538462,1259.6434161513369,0.08911762944199934,62,10,15.0,12,19.444444444444443
83,soundex,strings,v1_clean,200000,51,44,0,0.0,5.25,11,4,44.92691782802875,A,223.84836501501496,5.22,1168.4884653783781,0.07461612167167166,20,4,8.5,9,0.0
83,soundex,strings,v2_medium,200000,58,52,0,0.0,5.25,11,4,42.19153823512181,A,311.8387309128727,6.724137931034483,2096.8466388969027,0.10394624363762422,38,7,10.25,9,1.9230769230769231
83,soundex,strings,v3_bad,200000,81,75,0,0.0,7.0,13,4,37.55280769325887,A,348.24088030017543,6.935483870967742,2415.2190085334746,0.11608029343339181,77,10,15.75,17,17.333333333333332
84,longest_prefix,strings,v1_clean,5000,52,45,0,0.0,6.0,11,4,43.62827858456085,A,262.39637567217926,4.4,1154.5440529575887,0.08746545855739309,19,4,8.75,11,0.0
84,longest_prefix,strings,v2_medium,5000,60,54,0,0.0,6.0,11,4,41.08808044033971,A,350.50063248061946,5.0588235294117645,1773.120846666663,0.11683354416020648,37,7,10.75,10,3.7037037037037037
84,longest_prefix,strings,v3_bad,5000,87,81,0,0.0,7.75,13,4,36.112663409418474,A,387.61964492324813,5.222222222222222,2024.2359234880737,0.12920654830774939,72,10,17.25,18,22.22222222222222
85,palindrome_partition,strings,v1_clean,200,56,49,0,0.0,7.0,14,4,40.68159254553847,A,477.7912193806817,8.285714285714286,3958.841532011363,0.15926373979356057,34,4,9.75,6,4.0
85,palindrome_partition,strings,v2_medium,200,65,59,0,0.0,7.0,14,4,38.56257733257645,A,572.7004040997513,8.717948717948717,4992.772753690138,0.1909001346999171,52,7,12.0,5,5.084745762711864
85,palindrome_partition,strings,v3_bad,200,101,95,0,0.0,10.0,24,4,32.230938443771976,A,612.6219369329216,8.78048780487805,5379.119446240287,0.20420731231097386,113,10,20.75,18,29.473684210526315
86,bst_operations,ds_graph,v1_clean,50000,65,57,0,0.0,4.142857142857143,11,7,41.999325947144605,A,225.0,5.869565217391305,1320.6521739130435,0.075,19,4,7.0,7,3.508771929824561
86,bst_operations,ds_graph,v2_medium,50000,76,67,0,0.0,4.142857142857143,11,7,39.49153526099721,A,310.19550008653874,6.666666666666667,2067.970000576925,0.10339850002884625,37,7,8.666666666666666,6,4.477611940298507
86,bst_operations,ds_graph,v3_bad,50000,102,93,0,0.0,5.571428571428571,13,7,34.704649536788416,A,346.3632158872766,6.827586206896552,2364.8247153683023,0.11545440529575887,79,10,12.833333333333334,16,18.27956989247312
87,avl_tree_ops,ds_graph,v1_clean,30000,90,79,0,0.0,4.1,12,10,34.4177343346839,A,567.0641250017568,9.512195121951219,5394.024603675247,0.1890213750005856,26,4,6.888888888888889,7,7.594936708860759
87,avl_tree_ops,ds_graph,v2_medium,30000,105,93,0,0.0,4.1,12,10,32.85578409467682,A,664.9494616147806,10.0,6649.494616147806,0.2216498205382602,44,7,8.333333333333334,6,7.526881720430108
87,avl_tree_ops,ds_graph,v3_bad,30000,135,123,0,0.0,5.3,19,10,28.411242311779173,A,705.917165923421,10.085106382978724,7119.249715908543,0.23530572197447366,91,10,11.555555555555555,18,20.32520325203252
88,heap_operations,ds_graph,v1_clean,500000,68,62,0,0.0,6.5,11,4,39.27687208007137,A,423.8661136376768,7.170731707317073,3039.430180718951,0.14128870454589226,30,4,12.75,6,4.838709677419355
88,heap_operations,ds_graph,v2_medium,500000,78,72,0,0.0,6.5,11,4,37.243762732142834,A,519.1272112606621,7.866666666666666,4083.800728583875,0.17304240375355404,48,7,15.25,5,6.944444444444445
88,heap_operations,ds_graph,v3_bad,500000,112,106,0,0.0,9.5,15,4,31.74134199514845,A,558.8510896893749,8.042553191489361,4494.58961494859,0.186283696563125,107,10,23.5,18,26.41509433962264
89,hashmap_chaining,ds_graph,v1_clean,200000,52,47,0,0.0,4.0,11,7,43.84940044082271,A,213.67343933251428,3.6296296296296298,775.555446466163,0.07122447977750476,17,4,5.5,8,2.127659574468085
89,hashmap_chaining,ds_graph,v2_medium,200000,66,57,0,0.0,4.0,11,7,40.97717515383036,A,301.26792647514816,4.903225806451613,1477.1846717491135,0.10042264215838272,35,7,7.166666666666667,7,3.508771929824561
89,hashmap_chaining,ds_graph,v3_bad,200000,93,84,0,0.0,5.142857142857143,13,7,36.01650881547485,A,337.5257762909393,5.090909090909091,1718.3130429356909,0.11250859209697976,70,10,11.5,15,21.428571428571427
90,trie_operations,ds_graph,v1_clean,30000,57,52,0,0.0,4.142857142857143,11,7,43.03523628915169,A,195.0,4.333333333333333,844.9999999999999,0.065,20,4,6.333333333333333,7,15.384615384615385
90,trie_operations,ds_graph,v2_medium,30000,71,62,0,0.0,4.142857142857143,11,7,40.254524142659726,A,281.3104817439633,5.785714285714286,1627.5820729472161,0.0937701605813211,38,7,8.0,6,14.516129032258064
90,trie_operations,ds_graph,v3_bad,30000,102,93,0,0.0,5.714285714285714,13,7,34.838341012907364,A,317.12413313173494,6.0,1902.7447987904097,0.10570804437724497,78,10,13.0,16,31.182795698924732
91,union_find,ds_graph,v1_clean,1000000,51,46,0,0.0,4.166666666666667,11,6,43.934520915125674,A,253.69930650538794,4.129032258064516,1047.5326204093437,0.08456643550179598,14,4,6.6,7,0.0
91,union_find,ds_graph,v2_medium,1000000,64,56,0,0.0,4.166666666666667,11,6,41.164033215024084,A,341.85467954623215,4.8,1640.9024618219144,0.11395155984874406,32,7,8.6,6,1.7857142857142858
91,union_find,ds_graph,v3_bad,1000000,86,78,0,0.0,5.5,13,6,36.90466745118914,A,378.9378636467476,4.972972972972973,1884.4477543513933,0.12631262121558254,63,10,12.8,13,15.384615384615385
92,bfs_traversal,ds_graph,v1_clean,5000,55,48,0,0.0,5.0,11,4,45.06802987459767,A,182.67948703818894,4.166666666666667,761.1645293257873,0.06089316234606298,17,4,9.0,8,0.0
92,bfs_traversal,ds_graph,v2_medium,5000,65,58,0,0.0,5.0,11,4,42.11711228760177,A,267.35288832599804,5.6,1497.1761746255888,0.08911762944199934,35,7,11.5,7,1.7241379310344827
92,bfs_traversal,ds_graph,v3_bad,5000,91,84,0,0.0,6.5,13,4,37.42441552042128,A,302.627697999753,5.777777777777778,1748.5155884430174,0.10087589933325102,69,10,17.75,14,19.047619047619047
93,dfs_traversal,ds_graph,v1_clean,5000,54,48,0,0.0,5.25,11,4,44.933526950621065,A,182.67948703818894,4.166666666666667,761.1645293257873,0.06089316234606298,19,4,9.25,8,0.0
93,dfs_traversal,ds_graph,v2_medium,5000,64,58,0,0.0,5.25,11,4,41.98260936362515,A,267.35288832599804,5.6,1497.1761746255888,0.08911762944199934,37,7,11.75,7,1.7241379310344827
93,dfs_traversal,ds_graph,v3_bad,5000,91,85,0,0.0,7.0,13,4,37.04329375791751,A,302.627697999753,5.777777777777778,1748.5155884430174,0.10087589933325102,74,10,18.25,15,20.0
94,dijkstra_path,ds_graph,v1_clean,1500,59,52,0,0.0,5.75,11,4,43.15866488136765,A,248.15640006923098,5.333333333333333,1323.500800369232,0.082718800023077,19,4,10.0,7,0.0
94,dijkstra_path,ds_graph,v2_medium,1500,68,61,0,0.0,5.75,11,4,40.547366890715146,A,335.28146997790384,6.096774193548387,2044.1354137362523,0.11176048999263462,37,7,12.25,7,1.639344262295082
94,dijkstra_path,ds_graph,v3_bad,1500,95,88,0,0.0,7.5,13,4,35.81749621514323,A,372.0699021717345,6.2727272727272725,2333.893022713607,0.1240233007239115,74,10,18.75,15,19.318181818181817
95,topological_sort,ds_graph,v1_clean,8000,54,48,0,0.0,5.75,11,4,43.74810117902009,A,263.6661750735579,4.103448275862069,1081.9405115087377,0.0878887250245193,19,4,9.25,6,0.0
95,topological_sort,ds_graph,v2_medium,8000,63,57,0,0.0,5.75,11,4,41.04843237573648,A,351.24725426256595,4.666666666666667,1639.1538532253078,0.11708241808752198,37,7,11.5,6,1.7543859649122806
95,topological_sort,ds_graph,v3_bad,8000,90,84,0,0.0,7.5,13,4,36.12879110304238,A,388.24685444007076,4.8,1863.5849013123395,0.12941561814669025,74,10,18.0,14,20.238095238095237
96,connected_components,ds_graph,v1_clean,10000,61,54,0,0.0,5.75,11,4,43.50746633940963,A,196.27562382434076,4.7272727272727275,927.8484035332473,0.06542520794144692,26,5,10.5,5,0.0
96,connected_components,ds_graph,v2_medium,10000,70,63,0,0.0,5.75,11,4,40.76682003435094,A,282.11056593197316,6.230769230769231,1757.7658338838328,0.09403685531065772,44,7,12.75,5,1.5873015873015872
96,connected_components,ds_graph,v3_bad,10000,100,93,0,0.0,7.75,13,4,35.63910788364261,A,317.77665530336594,6.428571428571429,2042.8499269502097,0.10592555176778864,95,10,20.0,14,21.50537634408602
97,cycle_detect,ds_graph,v1_clean,6000,62,56,0,0.0,5.25,11,4,43.53300740537229,A,189.46125880997533,3.391304347826087,642.5207907468729,0.06315375293665844,25,4,11.0,7,7.142857142857143
97,cycle_detect,ds_graph,v2_medium,6000,72,65,0,0.0,5.25,11,4,40.82044274978933,A,274.72299342751836,4.666666666666667,1282.0406359950857,0.09157433114250613,43,7,13.0,7,7.6923076923076925
97,cycle_detect,ds_graph,v3_bad,6000,104,97,0,0.0,6.75,13,4,35.85159525069245,A,310.19550008653874,4.827586206896552,1497.4955176591525,0.10339850002884625,93,10,20.4,18,26.804123711340207
98,linked_list_reverse,ds_graph,v1_clean,30000,81,72,0,0.0,3.75,11,8,40.845047115281766,A,152.156400069231,4.421052631578948,672.6914529376529,0.05071880002307701,19,4,8.0,8,2.7777777777777777
98,linked_list_reverse,ds_graph,v2_medium,30000,92,82,0,0.0,3.75,11,8,38.30698098254122,A,235.0,6.065217391304348,1425.3260869565217,0.07833333333333334,37,7,9.428571428571429,7,3.658536585365854
98,linked_list_reverse,ds_graph,v3_bad,30000,125,115,0,0.0,4.875,13,8,33.50705781882408,A,269.63553058626803,6.3,1698.7038426934885,0.08987851019542267,75,10,14.0,17,21.73913043478261
99,queue_stack_simulator,ds_graph,v1_clean,500000,49,42,0,0.0,7.0,11,3,45.71852934074045,A,190.19550008653877,3.7142857142857144,706.4404288928583,0.06339850002884626,25,5,10.666666666666666,6,0.0
99,queue_stack_simulator,ds_graph,v2_medium,500000,58,52,0,0.0,7.0,11,3,42.796866696558304,A,275.0,5.04,1386.0,0.09166666666666666,43,7,13.666666666666666,5,1.9230769230769231
99,queue_stack_simulator,ds_graph,v3_bad,500000,81,75,0,0.0,9.333333333333334,13,3,38.01806806058121,A,310.3352333162707,5.185185185185185,1609.1456542325147,0.10344507777209024,98,10,21.0,10,16.0
100,lru_cache,ds_graph,v1_clean,200000,55,50,0,0.0,3.8333333333333335,11,6,44.26592749392331,A,191.68697653562123,4.6875,898.5327025107244,0.06389565884520708,17,4,7.4,8,8.0
100,lru_cache,ds_graph,v2_medium,200000,68,60,0,0.0,3.8333333333333335,11,6,41.429023687335544,A,276.1010283783344,5.625,1553.0682846281309,0.09203367612611146,35,7,9.4,7,8.333333333333334
100,lru_cache,ds_graph,v3_bad,200000,91,83,0,0.0,5.166666666666667,13,6,37.043189526371144,A,311.8387309128727,5.85,1824.256575840305,0.10394624363762422,72,10,13.8,14,19.27710843373494
